{
    "loss": 0.4039039611816406,
    "accuracy": 0.9380037188529968,
    "class_names": [
        "Coccidiosis",
        "Healthy",
        "New Castle Disease",
        "Salmonella"
    ]
}